[
  {
    "model": "core.user",
    "pk": 1,
    "fields": {
      "email": "admin@iteso.mx",
      "name": "Administrador ITESO",
      "phone": "3312345678",
      "points": 500,
      "profile_picture": "https://i.pravatar.cc/150?img=1",
      "date_joined": "2026-01-15T10:00:00Z",
      "username": "admin",
      "password": "pbkdf2_sha256$600000$test$test=",
      "is_active": true,
      "is_staff": false,
      "is_superuser": false
    }
  },
  {
    "model": "core.user",
    "pk": 2,
    "fields": {
      "email": "maria.garcia@iteso.mx",
      "name": "Mar\u00eda Garc\u00eda P\u00e9rez",
      "phone": "3398765432",
      "points": 250,
      "profile_picture": "https://i.pravatar.cc/150?img=5",
      "date_joined": "2026-01-20T09:00:00Z",
      "username": "maria.garcia",
      "password": "pbkdf2_sha256$600000$test$test=",
      "is_active": true,
      "is_staff": false,
      "is_superuser": false
    }
  },
  {
    "model": "core.user",
    "pk": 3,
    "fields": {
      "email": "juan.lopez@iteso.mx",
      "name": "Juan L\u00f3pez S\u00e1nchez",
      "phone": "3387654321",
      "points": 180,
      "profile_picture": "https://i.pravatar.cc/150?img=12",
      "date_joined": "2026-01-22T11:30:00Z",
      "username": "juan.lopez",
      "password": "pbkdf2_sha256$600000$test$test=",
      "is_active": true,
      "is_staff": false,
      "is_superuser": false
    }
  },
  {
    "model": "core.user",
    "pk": 4,
    "fields": {
      "email": "ana.martinez@iteso.mx",
      "name": "Ana Mart\u00ednez Ruiz",
      "phone": "3376543210",
      "points": 320,
      "profile_picture": "https://i.pravatar.cc/150?img=9",
      "date_joined": "2026-01-25T13:00:00Z",
      "username": "ana.martinez",
      "password": "pbkdf2_sha256$600000$test$test=",
      "is_active": true,
      "is_staff": false,
      "is_superuser": false
    }
  },
  {
    "model": "core.user",
    "pk": 5,
    "fields": {
      "email": "carlos.rodriguez@iteso.mx",
      "name": "Carlos Rodr\u00edguez Torres",
      "phone": "3365432109",
      "points": 150,
      "profile_picture": "https://i.pravatar.cc/150?img=15",
      "date_joined": "2026-01-28T16:00:00Z",
      "username": "carlos.rodriguez",
      "password": "pbkdf2_sha256$600000$test$test=",
      "is_active": true,
      "is_staff": false,
      "is_superuser": false
    }
  },
  {
    "model": "core.user",
    "pk": 6,
    "fields": {
      "email": "lucia.fernandez@iteso.mx",
      "name": "Luc\u00eda Fern\u00e1ndez G\u00f3mez",
      "phone": "3354321098",
      "points": 210,
      "profile_picture": "https://i.pravatar.cc/150?img=20",
      "date_joined": "2026-02-01T10:30:00Z",
      "username": "lucia.fernandez",
      "password": "pbkdf2_sha256$600000$test$test=",
      "is_active": true,
      "is_staff": false,
      "is_superuser": false
    }
  },
  {
    "model": "marketplace.category",
    "pk": 1,
    "fields": {
      "name": "Libros",
      "icon": "book",
      "created_at": "2026-01-15T10:00:00Z"
    }
  },
  {
    "model": "marketplace.category",
    "pk": 2,
    "fields": {
      "name": "Electr\u00f3nica",
      "icon": "laptop",
      "created_at": "2026-01-15T10:00:00Z"
    }
  },
  {
    "model": "marketplace.category",
    "pk": 3,
    "fields": {
      "name": "Ropa ITESO",
      "icon": "shirt",
      "created_at": "2026-01-15T10:00:00Z"
    }
  },
  {
    "model": "marketplace.category",
    "pk": 4,
    "fields": {
      "name": "Calculadoras",
      "icon": "calculator",
      "created_at": "2026-01-15T10:00:00Z"
    }
  },
  {
    "model": "marketplace.category",
    "pk": 5,
    "fields": {
      "name": "Apuntes",
      "icon": "file-text",
      "created_at": "2026-01-15T10:00:00Z"
    }
  },
  {
    "model": "marketplace.products",
    "pk": 1,
    "fields": {
      "title": "C\u00e1lculo Diferencial - Stewart 8va Edici\u00f3n",
      "description": "Libro de C\u00e1lculo en excelente estado. Solo tiene algunas anotaciones a l\u00e1piz. Incluye ejercicios resueltos.",
      "condition": "buen_estado",
      "transaction_type": "sale",
      "status": "disponible",
      "price": "350.00",
      "image_url": "https://images.unsplash.com/photo-1544716278-ca5e3f4abd8c?w=500",
      "created_at": "2026-02-01T10:00:00Z",
      "seller": 2,
      "category": 1
    }
  },
  {
    "model": "marketplace.products",
    "pk": 2,
    "fields": {
      "title": "Calculadora TI-84 Plus",
      "description": "Calculadora graficadora en perfectas condiciones. Usada 1 semestre. Incluye funda protectora.",
      "condition": "como_nuevo",
      "transaction_type": "sale",
      "status": "disponible",
      "price": "800.00",
      "image_url": "https://images.unsplash.com/photo-1611532736597-de2d4265fba3?w=500",
      "created_at": "2026-02-03T14:30:00Z",
      "seller": 3,
      "category": 4
    }
  },
  {
    "model": "marketplace.products",
    "pk": 3,
    "fields": {
      "title": "Sudadera ITESO Gris - Talla M",
      "description": "Sudadera oficial ITESO color gris, talla M. Casi sin uso. Como nueva.",
      "condition": "como_nuevo",
      "transaction_type": "sale",
      "status": "en_proceso",
      "price": "250.00",
      "image_url": "https://images.unsplash.com/photo-1556821840-3a63f95609a7?w=500",
      "created_at": "2026-02-05T11:20:00Z",
      "seller": 4,
      "category": 3
    }
  },
  {
    "model": "marketplace.products",
    "pk": 4,
    "fields": {
      "title": "Qu\u00edmica Org\u00e1nica - McMurry",
      "description": "Libro de Qu\u00edmica Org\u00e1nica de John McMurry, 9na edici\u00f3n. Con subrayados pero legible.",
      "condition": "usado",
      "transaction_type": "donation",
      "status": "disponible",
      "price": null,
      "image_url": "https://images.unsplash.com/photo-1532012197267-da84d127e765?w=500",
      "created_at": "2026-02-06T09:15:00Z",
      "seller": 2,
      "category": 1
    }
  },
  {
    "model": "marketplace.products",
    "pk": 5,
    "fields": {
      "title": "Mouse Logitech MX Master 3",
      "description": "Mouse inal\u00e1mbrico en excelente estado. Bater\u00eda dura mucho. Incluye cable USB-C.",
      "condition": "buen_estado",
      "transaction_type": "sale",
      "status": "disponible",
      "price": "600.00",
      "image_url": "https://images.unsplash.com/photo-1527814050087-3793815479db?w=500",
      "created_at": "2026-02-08T16:45:00Z",
      "seller": 5,
      "category": 2
    }
  },
  {
    "model": "marketplace.products",
    "pk": 6,
    "fields": {
      "title": "Apuntes Completos - Estad\u00edstica Aplicada",
      "description": "Apuntes digitales de Estad\u00edstica Aplicada. Todos los temas. Formato PDF.",
      "condition": "nuevo",
      "transaction_type": "donation",
      "status": "disponible",
      "price": null,
      "image_url": "https://images.unsplash.com/photo-1454165804606-c3d57bc86b40?w=500",
      "created_at": "2026-02-09T13:00:00Z",
      "seller": 6,
      "category": 5
    }
  },
  {
    "model": "marketplace.products",
    "pk": 7,
    "fields": {
      "title": "Fundamentos de Marketing - Kotler",
      "description": "Busco intercambiar este libro por uno de Contabilidad o Finanzas. Buen estado, 13va edici\u00f3n.",
      "condition": "buen_estado",
      "transaction_type": "swap",
      "status": "disponible",
      "price": null,
      "image_url": "https://images.unsplash.com/photo-1512820790803-83ca734da794?w=500",
      "created_at": "2026-02-10T10:30:00Z",
      "seller": 3,
      "category": 1
    }
  },
  {
    "model": "marketplace.products",
    "pk": 8,
    "fields": {
      "title": "Chamarra ITESO Azul - Talla L",
      "description": "Chamarra oficial ITESO azul marino, talla L. A\u00f1os de uso pero en buenas condiciones.",
      "condition": "usado",
      "transaction_type": "sale",
      "status": "completado",
      "price": "180.00",
      "image_url": "https://images.unsplash.com/photo-1551028719-00167b16eac5?w=500",
      "created_at": "2026-02-04T15:00:00Z",
      "seller": 4,
      "category": 3
    }
  },
  {
    "model": "marketplace.products",
    "pk": 9,
    "fields": {
      "title": "Teclado Mec\u00e1nico Redragon K552",
      "description": "Teclado mec\u00e1nico gaming, switches azules. LED RGB funcional.",
      "condition": "buen_estado",
      "transaction_type": "sale",
      "status": "disponible",
      "price": "450.00",
      "image_url": "https://images.unsplash.com/photo-1587829741301-dc798b83add3?w=500",
      "created_at": "2026-02-11T12:00:00Z",
      "seller": 5,
      "category": 2
    }
  },
  {
    "model": "marketplace.products",
    "pk": 10,
    "fields": {
      "title": "Colecci\u00f3n 5 Libros Arquitectura",
      "description": "Colecci\u00f3n de 5 libros de teor\u00eda arquitect\u00f3nica. Le Corbusier, Rem Koolhaas y otros.",
      "condition": "buen_estado",
      "transaction_type": "sale",
      "status": "disponible",
      "price": "600.00",
      "image_url": "https://images.unsplash.com/photo-1481627834876-b7833e8f5570?w=500",
      "created_at": "2026-02-12T14:30:00Z",
      "seller": 6,
      "category": 1
    }
  },
  {
    "model": "marketplace.images",
    "pk": 1,
    "fields": {
      "image_url": "https://images.unsplash.com/photo-1544716278-ca5e3f4abd8c?w=500",
      "order_number": 1,
      "created_at": "2026-02-01T10:00:00Z",
      "product": 1
    }
  },
  {
    "model": "marketplace.images",
    "pk": 2,
    "fields": {
      "image_url": "https://images.unsplash.com/photo-1611532736597-de2d4265fba3?w=500",
      "order_number": 1,
      "created_at": "2026-02-03T14:30:00Z",
      "product": 2
    }
  },
  {
    "model": "marketplace.images",
    "pk": 3,
    "fields": {
      "image_url": "https://images.unsplash.com/photo-1556821840-3a63f95609a7?w=500",
      "order_number": 1,
      "created_at": "2026-02-05T11:20:00Z",
      "product": 3
    }
  },
  {
    "model": "marketplace.transaction",
    "pk": 1,
    "fields": {
      "transaction_type": "sale",
      "seller_confirmation": true,
      "seller_confirmed_at": "2026-02-14T09:00:00Z",
      "buyer_confirmation": false,
      "buyer_confirmed_at": null,
      "delivery_date": "2026-02-16T14:00:00Z",
      "delivery_location": "Biblioteca Central, entrada principal",
      "status": "confirmada",
      "created_at": "2026-02-13T18:30:00Z",
      "product": 3,
      "seller": 4,
      "buyer": 5
    }
  },
  {
    "model": "marketplace.transaction",
    "pk": 2,
    "fields": {
      "transaction_type": "sale",
      "seller_confirmation": true,
      "seller_confirmed_at": "2026-02-13T17:00:00Z",
      "buyer_confirmation": true,
      "buyer_confirmed_at": "2026-02-13T17:30:00Z",
      "delivery_date": "2026-02-13T16:00:00Z",
      "delivery_location": "Cafeter\u00eda Los Pinos",
      "status": "completada",
      "created_at": "2026-02-12T15:00:00Z",
      "product": 8,
      "seller": 4,
      "buyer": 6
    }
  },
  {
    "model": "marketplace.transaction",
    "pk": 3,
    "fields": {
      "transaction_type": "sale",
      "seller_confirmation": false,
      "seller_confirmed_at": null,
      "buyer_confirmation": false,
      "buyer_confirmed_at": null,
      "delivery_date": "2026-02-18T15:00:00Z",
      "delivery_location": "Explanada, cerca del m\u00e1stil",
      "status": "pendiente",
      "created_at": "2026-02-15T08:30:00Z",
      "product": 1,
      "seller": 2,
      "buyer": 3
    }
  },
  {
    "model": "marketplace.forumquestion",
    "pk": 1,
    "fields": {
      "message": "Hola! \u00bfEl libro incluye las soluciones de los ejercicios?",
      "created_at": "2026-02-02T11:30:00Z",
      "user": 3,
      "product": 1,
      "parent": null
    }
  },
  {
    "model": "marketplace.forumquestion",
    "pk": 2,
    "fields": {
      "message": "S\u00ed! Tiene las respuestas de los ejercicios impares al final.",
      "created_at": "2026-02-02T14:00:00Z",
      "user": 2,
      "product": 1,
      "parent": 1
    }
  },
  {
    "model": "marketplace.forumquestion",
    "pk": 3,
    "fields": {
      "message": "\u00bfLa calculadora viene con cable USB o pilas?",
      "created_at": "2026-02-04T10:00:00Z",
      "user": 4,
      "product": 2,
      "parent": null
    }
  },
  {
    "model": "marketplace.forumquestion",
    "pk": 4,
    "fields": {
      "message": "Usa 4 pilas AAA, no incluye cable USB.",
      "created_at": "2026-02-04T11:15:00Z",
      "user": 3,
      "product": 2,
      "parent": 3
    }
  },
  {
    "model": "marketplace.forumquestion",
    "pk": 5,
    "fields": {
      "message": "Hola! \u00bfEl mouse funciona con Mac?",
      "created_at": "2026-02-09T09:00:00Z",
      "user": 6,
      "product": 5,
      "parent": null
    }
  },
  {
    "model": "gamification.badges",
    "pk": 1,
    "fields": {
      "name": "Primera Venta",
      "description": "Completaste tu primera venta",
      "icon_url": "https://cdn-icons-png.flaticon.com/512/2917/2917995.png",
      "rarity": "comun",
      "points": 50,
      "created_at": "2026-01-15T10:00:00Z"
    }
  },
  {
    "model": "gamification.badges",
    "pk": 2,
    "fields": {
      "name": "Eco Warrior",
      "description": "Donaste 5 art\u00edculos",
      "icon_url": "https://cdn-icons-png.flaticon.com/512/3082/3082031.png",
      "rarity": "raro",
      "points": 100,
      "created_at": "2026-01-15T10:00:00Z"
    }
  },
  {
    "model": "gamification.badges",
    "pk": 3,
    "fields": {
      "name": "Intercambiador",
      "description": "Completaste 3 intercambios",
      "icon_url": "https://cdn-icons-png.flaticon.com/512/3062/3062634.png",
      "rarity": "raro",
      "points": 75,
      "created_at": "2026-01-15T10:00:00Z"
    }
  },
  {
    "model": "gamification.userbadges",
    "pk": 1,
    "fields": {
      "earned_at": "2026-02-13T17:30:00Z",
      "user": 2,
      "badges": 1
    }
  },
  {
    "model": "gamification.userbadges",
    "pk": 2,
    "fields": {
      "earned_at": "2026-02-13T17:30:00Z",
      "user": 4,
      "badges": 1
    }
  },
  {
    "model": "gamification.userbadges",
    "pk": 3,
    "fields": {
      "earned_at": "2026-02-10T16:00:00Z",
      "user": 2,
      "badges": 2
    }
  },
  {
    "model": "gamification.environmentimpact",
    "pk": 1,
    "fields": {
      "kg_co2_saved": "0.00",
      "reused_products": 0,
      "created_at": "2026-01-15T10:00:00Z",
      "user": 1
    }
  },
  {
    "model": "gamification.environmentimpact",
    "pk": 2,
    "fields": {
      "kg_co2_saved": "7.50",
      "reused_products": 3,
      "created_at": "2026-01-20T09:00:00Z",
      "user": 2
    }
  },
  {
    "model": "gamification.environmentimpact",
    "pk": 3,
    "fields": {
      "kg_co2_saved": "2.50",
      "reused_products": 1,
      "created_at": "2026-01-22T11:30:00Z",
      "user": 3
    }
  },
  {
    "model": "gamification.environmentimpact",
    "pk": 4,
    "fields": {
      "kg_co2_saved": "5.00",
      "reused_products": 2,
      "created_at": "2026-01-25T13:00:00Z",
      "user": 4
    }
  },
  {
    "model": "gamification.environmentimpact",
    "pk": 5,
    "fields": {
      "kg_co2_saved": "2.50",
      "reused_products": 1,
      "created_at": "2026-01-28T16:00:00Z",
      "user": 5
    }
  },
  {
    "model": "gamification.environmentimpact",
    "pk": 6,
    "fields": {
      "kg_co2_saved": "2.50",
      "reused_products": 1,
      "created_at": "2026-02-01T10:30:00Z",
      "user": 6
    }
  }
]