[
  {
    "model": "core.user",
    "pk": 1,
    "fields": {
      "email": "admin@iteso.mx",
      "name": "Administrador ITESO",
      "phone": "3312345678",
      "points": 500,
      "profile_picture": "https://i.pravatar.cc/150?img=1",
      "created_at": "2026-01-15T10:00:00Z"
    }
  },
  {
    "model": "core.user",
    "pk": 2,
    "fields": {
      "email": "maria.garcia@iteso.mx",
      "name": "María García Pérez",
      "phone": "3398765432",
      "points": 250,
      "profile_picture": "https://i.pravatar.cc/150?img=5",
      "created_at": "2026-01-20T09:00:00Z"
    }
  },
  {
    "model": "core.user",
    "pk": 3,
    "fields": {
      "email": "juan.lopez@iteso.mx",
      "name": "Juan López Sánchez",
      "phone": "3387654321",
      "points": 180,
      "profile_picture": "https://i.pravatar.cc/150?img=12",
      "created_at": "2026-01-22T11:30:00Z"
    }
  },
  {
    "model": "core.user",
    "pk": 4,
    "fields": {
      "email": "ana.martinez@iteso.mx",
      "name": "Ana Martínez Ruiz",
      "phone": "3376543210",
      "points": 320,
      "profile_picture": "https://i.pravatar.cc/150?img=9",
      "created_at": "2026-01-25T13:00:00Z"
    }
  },
  {
    "model": "core.user",
    "pk": 5,
    "fields": {
      "email": "carlos.rodriguez@iteso.mx",
      "name": "Carlos Rodríguez Torres",
      "phone": "3365432109",
      "points": 150,
      "profile_picture": "https://i.pravatar.cc/150?img=15",
      "created_at": "2026-01-28T16:00:00Z"
    }
  },
  {
    "model": "core.user",
    "pk": 6,
    "fields": {
      "email": "lucia.fernandez@iteso.mx",
      "name": "Lucía Fernández Gómez",
      "phone": "3354321098",
      "points": 210,
      "profile_picture": "https://i.pravatar.cc/150?img=20",
      "created_at": "2026-02-01T10:30:00Z"
    }
  },
  {
    "model": "marketplace.category",
    "pk": 1,
    "fields": {
      "name": "Libros",
      "icon": "book",
      "created_at": "2026-01-15T10:00:00Z"
    }
  },
  {
    "model": "marketplace.category",
    "pk": 2,
    "fields": {
      "name": "Electrónica",
      "icon": "laptop",
      "created_at": "2026-01-15T10:00:00Z"
    }
  },
  {
    "model": "marketplace.category",
    "pk": 3,
    "fields": {
      "name": "Ropa ITESO",
      "icon": "shirt",
      "created_at": "2026-01-15T10:00:00Z"
    }
  },
  {
    "model": "marketplace.category",
    "pk": 4,
    "fields": {
      "name": "Calculadoras",
      "icon": "calculator",
      "created_at": "2026-01-15T10:00:00Z"
    }
  },
  {
    "model": "marketplace.category",
    "pk": 5,
    "fields": {
      "name": "Apuntes",
      "icon": "file-text",
      "created_at": "2026-01-15T10:00:00Z"
    }
  },
  {
    "model": "marketplace.products",
    "pk": 1,
    "fields": {
      "seller_id": 2,
      "category_id": 1,
      "title": "Cálculo Diferencial - Stewart 8va Edición",
      "description": "Libro de Cálculo en excelente estado. Solo tiene algunas anotaciones a lápiz. Incluye ejercicios resueltos.",
      "condition": "buen_estado",
      "transaction_type": "sale",
      "status": "disponible",
      "price": "350.00",
      "image_url": "https://images.unsplash.com/photo-1544716278-ca5e3f4abd8c?w=500",
      "created_at": "2026-02-01T10:00:00Z"
    }
  },
  {
    "model": "marketplace.products",
    "pk": 2,
    "fields": {
      "seller_id": 3,
      "category_id": 4,
      "title": "Calculadora TI-84 Plus",
      "description": "Calculadora graficadora en perfectas condiciones. Usada 1 semestre. Incluye funda protectora.",
      "condition": "como_nuevo",
      "transaction_type": "sale",
      "status": "disponible",
      "price": "800.00",
      "image_url": "https://images.unsplash.com/photo-1611532736597-de2d4265fba3?w=500",
      "created_at": "2026-02-03T14:30:00Z"
    }
  },
  {
    "model": "marketplace.products",
    "pk": 3,
    "fields": {
      "seller_id": 4,
      "category_id": 3,
      "title": "Sudadera ITESO Gris - Talla M",
      "description": "Sudadera oficial ITESO color gris, talla M. Casi sin uso. Como nueva.",
      "condition": "como_nuevo",
      "transaction_type": "sale",
      "status": "en_proceso",
      "price": "250.00",
      "image_url": "https://images.unsplash.com/photo-1556821840-3a63f95609a7?w=500",
      "created_at": "2026-02-05T11:20:00Z"
    }
  },
  {
    "model": "marketplace.products",
    "pk": 4,
    "fields": {
      "seller_id": 2,
      "category_id": 1,
      "title": "Química Orgánica - McMurry",
      "description": "Libro de Química Orgánica de John McMurry, 9na edición. Con subrayados pero legible.",
      "condition": "usado",
      "transaction_type": "donation",
      "status": "disponible",
      "price": null,
      "image_url": "https://images.unsplash.com/photo-1532012197267-da84d127e765?w=500",
      "created_at": "2026-02-06T09:15:00Z"
    }
  },
  {
    "model": "marketplace.products",
    "pk": 5,
    "fields": {
      "seller_id": 5,
      "category_id": 2,
      "title": "Mouse Logitech MX Master 3",
      "description": "Mouse inalámbrico en excelente estado. Batería dura mucho. Incluye cable USB-C.",
      "condition": "buen_estado",
      "transaction_type": "sale",
      "status": "disponible",
      "price": "600.00",
      "image_url": "https://images.unsplash.com/photo-1527814050087-3793815479db?w=500",
      "created_at": "2026-02-08T16:45:00Z"
    }
  },
  {
    "model": "marketplace.products",
    "pk": 6,
    "fields": {
      "seller_id": 6,
      "category_id": 5,
      "title": "Apuntes Completos - Estadística Aplicada",
      "description": "Apuntes digitales de Estadística Aplicada. Todos los temas. Formato PDF.",
      "condition": "nuevo",
      "transaction_type": "donation",
      "status": "disponible",
      "price": null,
      "image_url": "https://images.unsplash.com/photo-1454165804606-c3d57bc86b40?w=500",
      "created_at": "2026-02-09T13:00:00Z"
    }
  },
  {
    "model": "marketplace.products",
    "pk": 7,
    "fields": {
      "seller_id": 3,
      "category_id": 1,
      "title": "Fundamentos de Marketing - Kotler",
      "description": "Busco intercambiar este libro por uno de Contabilidad o Finanzas. Buen estado, 13va edición.",
      "condition": "buen_estado",
      "transaction_type": "swap",
      "status": "disponible",
      "price": null,
      "image_url": "https://images.unsplash.com/photo-1512820790803-83ca734da794?w=500",
      "created_at": "2026-02-10T10:30:00Z"
    }
  },
  {
    "model": "marketplace.products",
    "pk": 8,
    "fields": {
      "seller_id": 4,
      "category_id": 3,
      "title": "Chamarra ITESO Azul - Talla L",
      "description": "Chamarra oficial ITESO azul marino, talla L. Años de uso pero en buenas condiciones.",
      "condition": "usado",
      "transaction_type": "sale",
      "status": "completado",
      "price": "180.00",
      "image_url": "https://images.unsplash.com/photo-1551028719-00167b16eac5?w=500",
      "created_at": "2026-02-04T15:00:00Z"
    }
  },
  {
    "model": "marketplace.products",
    "pk": 9,
    "fields": {
      "seller_id": 5,
      "category_id": 2,
      "title": "Teclado Mecánico Redragon K552",
      "description": "Teclado mecánico gaming, switches azules. LED RGB funcional.",
      "condition": "buen_estado",
      "transaction_type": "sale",
      "status": "disponible",
      "price": "450.00",
      "image_url": "https://images.unsplash.com/photo-1587829741301-dc798b83add3?w=500",
      "created_at": "2026-02-11T12:00:00Z"
    }
  },
  {
    "model": "marketplace.products",
    "pk": 10,
    "fields": {
      "seller_id": 6,
      "category_id": 1,
      "title": "Colección 5 Libros Arquitectura",
      "description": "Colección de 5 libros de teoría arquitectónica. Le Corbusier, Rem Koolhaas y otros.",
      "condition": "buen_estado",
      "transaction_type": "sale",
      "status": "disponible",
      "price": "600.00",
      "image_url": "https://images.unsplash.com/photo-1481627834876-b7833e8f5570?w=500",
      "created_at": "2026-02-12T14:30:00Z"
    }
  },
  {
    "model": "marketplace.images",
    "pk": 1,
    "fields": {
      "products_id": 1,
      "image_url": "https://images.unsplash.com/photo-1544716278-ca5e3f4abd8c?w=500",
      "order_number": 1,
      "created_at": "2026-02-01T10:00:00Z"
    }
  },
  {
    "model": "marketplace.images",
    "pk": 2,
    "fields": {
      "products_id": 2,
      "image_url": "https://images.unsplash.com/photo-1611532736597-de2d4265fba3?w=500",
      "order_number": 1,
      "created_at": "2026-02-03T14:30:00Z"
    }
  },
  {
    "model": "marketplace.images",
    "pk": 3,
    "fields": {
      "products_id": 3,
      "image_url": "https://images.unsplash.com/photo-1556821840-3a63f95609a7?w=500",
      "order_number": 1,
      "created_at": "2026-02-05T11:20:00Z"
    }
  },
  {
    "model": "marketplace.transaction",
    "pk": 1,
    "fields": {
      "products_id": 3,
      "seller_id": 4,
      "buyer_id": 5,
      "transaction_type": "sale",
      "seller_confirmation": true,
      "seller_confirmed_at": "2026-02-14T09:00:00Z",
      "buyer_confirmation": false,
      "buyer_confirmed_at": null,
      "delivery_date": "2026-02-16T14:00:00Z",
      "delivery_location": "Biblioteca Central, entrada principal",
      "status": "confirmada",
      "created_at": "2026-02-13T18:30:00Z"
    }
  },
  {
    "model": "marketplace.transaction",
    "pk": 2,
    "fields": {
      "products_id": 8,
      "seller_id": 4,
      "buyer_id": 6,
      "transaction_type": "sale",
      "seller_confirmation": true,
      "seller_confirmed_at": "2026-02-13T17:00:00Z",
      "buyer_confirmation": true,
      "buyer_confirmed_at": "2026-02-13T17:30:00Z",
      "delivery_date": "2026-02-13T16:00:00Z",
      "delivery_location": "Cafetería Los Pinos",
      "status": "completada",
      "created_at": "2026-02-12T15:00:00Z"
    }
  },
  {
    "model": "marketplace.transaction",
    "pk": 3,
    "fields": {
      "products_id": 1,
      "seller_id": 2,
      "buyer_id": 3,
      "transaction_type": "sale",
      "seller_confirmation": false,
      "seller_confirmed_at": null,
      "buyer_confirmation": false,
      "buyer_confirmed_at": null,
      "delivery_date": "2026-02-18T15:00:00Z",
      "delivery_location": "Explanada, cerca del mástil",
      "status": "pendiente",
      "created_at": "2026-02-15T08:30:00Z"
    }
  },
  {
    "model": "marketplace.forumquestion",
    "pk": 1,
    "fields": {
      "user_id": 3,
      "products_id": 1,
      "message": "Hola! ¿El libro incluye las soluciones de los ejercicios?",
      "parent_id": null,
      "created_at": "2026-02-02T11:30:00Z"
    }
  },
  {
    "model": "marketplace.forumquestion",
    "pk": 2,
    "fields": {
      "user_id": 2,
      "products_id": 1,
      "message": "Sí! Tiene las respuestas de los ejercicios impares al final.",
      "parent_id": 1,
      "created_at": "2026-02-02T14:00:00Z"
    }
  },
  {
    "model": "marketplace.forumquestion",
    "pk": 3,
    "fields": {
      "user_id": 4,
      "products_id": 2,
      "message": "¿La calculadora viene con cable USB o pilas?",
      "parent_id": null,
      "created_at": "2026-02-04T10:00:00Z"
    }
  },
  {
    "model": "marketplace.forumquestion",
    "pk": 4,
    "fields": {
      "user_id": 3,
      "products_id": 2,
      "message": "Usa 4 pilas AAA, no incluye cable USB.",
      "parent_id": 3,
      "created_at": "2026-02-04T11:15:00Z"
    }
  },
  {
    "model": "marketplace.forumquestion",
    "pk": 5,
    "fields": {
      "user_id": 6,
      "products_id": 5,
      "message": "Hola! ¿El mouse funciona con Mac?",
      "parent_id": null,
      "created_at": "2026-02-09T09:00:00Z"
    }
  },
  {
    "model": "gamification.badges",
    "pk": 1,
    "fields": {
      "name": "Primera Venta",
      "description": "Completaste tu primera venta",
      "icon_url": "https://cdn-icons-png.flaticon.com/512/2917/2917995.png",
      "rarity": "comun",
      "points": 50,
      "created_at": "2026-01-15T10:00:00Z"
    }
  },
  {
    "model": "gamification.badges",
    "pk": 2,
    "fields": {
      "name": "Eco Warrior",
      "description": "Donaste 5 artículos",
      "icon_url": "https://cdn-icons-png.flaticon.com/512/3082/3082031.png",
      "rarity": "raro",
      "points": 100,
      "created_at": "2026-01-15T10:00:00Z"
    }
  },
  {
    "model": "gamification.badges",
    "pk": 3,
    "fields": {
      "name": "Intercambiador",
      "description": "Completaste 3 intercambios",
      "icon_url": "https://cdn-icons-png.flaticon.com/512/3062/3062634.png",
      "rarity": "raro",
      "points": 75,
      "created_at": "2026-01-15T10:00:00Z"
    }
  },
  {
    "model": "gamification.userbadges",
    "pk": 1,
    "fields": {
      "user_id": 2,
      "badges_id": 1,
      "earned_at": "2026-02-13T17:30:00Z"
    }
  },
  {
    "model": "gamification.userbadges",
    "pk": 2,
    "fields": {
      "user_id": 4,
      "badges_id": 1,
      "earned_at": "2026-02-13T17:30:00Z"
    }
  },
  {
    "model": "gamification.userbadges",
    "pk": 3,
    "fields": {
      "user_id": 2,
      "badges_id": 2,
      "earned_at": "2026-02-10T16:00:00Z"
    }
  },
  {
    "model": "gamification.environmentimpact",
    "pk": 1,
    "fields": {
      "user_id": 1,
      "kg_co2_saved": "0.00",
      "reused_products": 0,
      "created_at": "2026-01-15T10:00:00Z"
    }
  },
  {
    "model": "gamification.environmentimpact",
    "pk": 2,
    "fields": {
      "user_id": 2,
      "kg_co2_saved": "7.50",
      "reused_products": 3,
      "created_at": "2026-01-20T09:00:00Z"
    }
  },
  {
    "model": "gamification.environmentimpact",
    "pk": 3,
    "fields": {
      "user_id": 3,
      "kg_co2_saved": "2.50",
      "reused_products": 1,
      "created_at": "2026-01-22T11:30:00Z"
    }
  },
  {
    "model": "gamification.environmentimpact",
    "pk": 4,
    "fields": {
      "user_id": 4,
      "kg_co2_saved": "5.00",
      "reused_products": 2,
      "created_at": "2026-01-25T13:00:00Z"
    }
  },
  {
    "model": "gamification.environmentimpact",
    "pk": 5,
    "fields": {
      "user_id": 5,
      "kg_co2_saved": "2.50",
      "reused_products": 1,
      "created_at": "2026-01-28T16:00:00Z"
    }
  },
  {
    "model": "gamification.environmentimpact",
    "pk": 6,
    "fields": {
      "user_id": 6,
      "kg_co2_saved": "2.50",
      "reused_products": 1,
      "created_at": "2026-02-01T10:30:00Z"
    }
  }
]
